0,在某校班际篮球联赛中，每场⽐赛都要分出胜负，每队胜⼀场得3分，负⼀场得1分，如果某班要在第⼀轮的28场⽐赛中⾄少得43分，那么这个班⾄少要胜多少场,6,5,7,8,D,C
1,三洋电视机⼚为了能清楚地表示出上半年⽉产量的多少与增减变化的情况，应绘制,不确定,扇形统计图,条形统计图 ,折线统计图 ,D,D
2,明明今年⼏岁? 爸爸今年39岁。您的年龄⽐我的2倍多11岁,13,15,12,14,D,设明明今年的年龄为 \(x\) 岁，根据题意可以得到方程：\[39 = 2x + 11\]解这个方程得：\[2x = 28\]\[x = 14\]所以，明明今年 14 岁。答案是 D
3,$\frac{2}{5}$的分⺟增加15，要使分数⼤⼩不变，分⼦应扩⼤,6倍,15倍,3倍,4倍,D,A
4,⽤⼀块⻓28.26厘⽶、宽15.7厘⽶的⻓⽅形铁⽪，应该配上直径（ ）厘⽶的圆形铁⽪就可以做成⼀个容积最⼤的容器,2.5,5,9,4.5,C,为了使容积最大，我们需要考虑长方形状铁皮和圆形铁皮的最佳利用方式。通常情况下，将长方形的两个较长边作为圆柱的高，两个较短边作为圆柱底面圆的直径时，可以使得容积达到最大。给定的长方形铁皮尺寸为长28.26厘米、宽15.7厘米。如果我们将28.26厘米作为圆柱的高，那么圆柱底面圆的直径应该等于15.7厘米，这样才能最大化利用材料。因此，正确答案是 C
5,我国股市交易中，每买、卖一次都要交7.5%的各种费用，某投资者以每股10元的价格买入上海某股1000股，当该股涨到12元时，他全部卖出后盈利为,1910元,1925元,2000元,1835元,D,我们先计算买入和卖出的实际成本。买入成本：- 股票价格：10元/股- 股数：1000股- 总价：\(10 \times 1000 = 10000\) 元- 费用：\(10000 \times 7.5\% = 750\) 元- 实际买入成本：\(10000 + 750 = 10750\) 元卖出收入：- 股票价格：12元/股- 股数：1000股- 总价：\(12 \times 1000 = 12000\) 元- 费用：\(12000 \times 7.5\% = 900\) 元- 实际卖出收入：\(12000 - 900 = 11100\) 元盈利计算：- 盈利 = 实际卖出收入 - 实际买入成本- 盈利 = \(11100 - 10750 = 350\) 元但是这里没有350元这个选项，说明需要进一步考虑总盈利。总盈利应该是卖出收入减去买入成本后的净收益，即：- 总盈利 = 卖出收入 - 买入成本- 总盈利 = \(12000 - 10000 - (750 + 900) = 2000 - 1650 = 350\) 元这350元包含了买卖过程中产生的费用。但题目问的是盈利，即扣除所有费用后的净盈利。所以正确的计算方式是：- 净盈利 = 卖出收入 - 买入成本 - 总费用- 净盈利 = \(12000 - 10000 - (750 + 900) = 2000 - 1650 = 350\) 元实际上，直接从选项中看，我们需要的是净盈利部分，即扣除所有费用后的盈利，这里直接计算结果是350元，但根据提供的选项，最接近且合理的答案
6,某公司今年4⽉的营业额为2500万元，按计划第⼆季度的总营业额要达到9100万元，设该公司5、6 两⽉的营业额的⽉平均增⻓率为 x，根据题意列⽅程，则下列⽅程正确的是,$2500(1+x)^{2}=9100$,$2500(1+x)+2500(1+x)^{2}=9100$,$2500+2500(1+x)+2500(1+x)^{2}=9100$,$2500(1+x\%)^{2}=9100$,C,A
7,⼀个商⼈把⼀件连⾐裙标价为640元，经⼯商⼈员核价，降⾄60元出售，仍可获利20%，如按原标价出售则⼀条裙⼦可获暴利（ ）元,610,600,590,620,C,答案是 B
8,⼀元⼆次⽅程$x^{2}-8x=48$可表示成 $(x-a)^{2}=48+b$形式，其中a，b为整数，求a+b之值为,-20,12,-12,20,D,首先，我们需要将给定的一元二次方程 \(x^2 - 8x = 48\) 转换为完全平方的形式 \((x-a)^2 = 48 + b\)。我们从原始方程开始：\[x^2 - 8x = 48\]为了转换成完全平方的形式，我们需要完成平方。我们知道，对于形式 \(x^2 - 2ax + a^2\)，它等于 \((x-a)^2\)。所以，对于 \(x^2 - 8x\)，我们需要添加和减去一个数使得它可以写成完全平方的形式。这个数是 \(\left(\frac{-8}{2}\right)^2 = 16\)。所以我们有：\[x^2 - 8x + 16 - 16 = 48\]\[x^2 - 8x + 16 = 48 + 16\]\[(x-4)^2 = 64\]因此，这里 \(a = 4\) 和 \(b = 64 - 48 = 16\)。所以 \(a + b = 4 + 16 = 20\)。答案是 D
9,－3.782,不是分数，是有理数,是分数，不是有理数 ,是负数，也是分数 ,是负数，不是分数,C,C
10,已知圆的半径为$\sqrt{2}cm$，圆心到直线l的距离为1.4cm，则直线与圆的公共点数为,2个,1个 ,0个,不确定,A,B
11,在边⻓为a的正⽅形内部，以⼀个顶点为圆⼼，a为半径画弧经过与圆⼼相邻的两个顶点，那么阴影部分的⾯积为,$a-\frac{1}{2}\pi a^{2}$,$\pi a^{2}-a$,$\frac{1}{4}\pi a^{2}$,$a-\pi a^{2}$,C,答案是 A
12,某⼯⼚的⼀个⽣产⼩组，⽣产⼀批零件，当每个⼯⼈在⾃⼰原岗位⼯作时，9⼩时可完成这项⽣产任务。如果交换⼯⼈A和B的⼯作岗位，其它⼯⼈⽣产效率不变时，可提前⼀⼩时完成这项⽣产任务；如果交换⼯⼈C和D的⼯作岗位，其它⼯⼈⽣产效率不变时，也可以提前⼀⼩时完成这项⽣产任务。问： 如果同时交换A与B，C与D的⼯作岗位，其它⼯⼈⽣产效率不变，可以提前⼏分割完成这项⽣产任务,108,111,110,105,A,A
13,下列元素中属于集合{x|x=2k k是⾃然数}的是,-2,10,7,3,B,"B
14,横坐标、纵坐标都是整数的点叫做整点，函数$y=\frac{6x+3}{2x-1}$的图象上整点的个数是,5个,6个,3个,4个,D,"为了确定函数 $y = \frac{6x + 3}{2x - 1}$ 的图象上的整点个数，我们需要找到满足该条件的所有整数对 $(x, y)$。首先，将函数进行变形，使其更容易处理：\[y = \frac{6x + 3}{2x - 1} = \frac{6x - 3 + 6}{2x - 1} = \frac{6(x - \frac{1}{2}) + 6}{2x - 1} = 3 + \frac{6}{2x - 1}\]为了使 $y$ 为整数，$\frac{6}{2x - 1}$ 必须也是整数。这意味着 $2x - 1$ 必须是 6 的因数。6 的因数有 $\pm1, \pm2, \pm3, \pm6$。我们来逐一检验这些情况：1
15,王先⽣到银⾏存了⼀笔三年期的定期存款，年利率是4.25%．若到期后取出得到本息（本⾦+利息）33825元．设王先⽣存⼊的本⾦为x元，则下⾯所列⽅程正确的是,3×4.25%x=33825 ,3(x+4.25x)=33825 ,x+3×4.25%x=33825 ,x+4.25%x=33825 ,C,答案是 C
16,等腰三⻆形的⼀个内⻆是50°，则另外两个⻆的度数分别是,65°，65°或50°，80°,"50°,80°","50°,50°",65°，65° ,A,A
17,如果a：b=c：d，那么不成⽴的等式有,a：d=c：b,b：a=d：c,a: c=b: d ,ad=bc,A,C
18,如果m是任意实数，则点P（m-4，m+1）⼀定不在,第⼀象限,第⼆象限 ,第四象限 ,第三象限 ,C,"C
19,⼀件上⾐打⼋折出售 就是按照原价的,百分之80,百分之120 ,百分之100,百分之20 ,A,A
20,在菱形ABCD中，对角线AC=4，$\angle BAD=120^{\circ }$，则菱形ABCD的周长为,16,20,15,18,A,答案是 A
21,某集合有5个元素，它的⼦集数为,24,27,25,26,C,正确答案是 B。一个包含 \(n\) 个元素的集合，其子集总数为 \(2^n\)。对于一个包含5个元素的集合，其子集总数为 \(2^5 = 32\)。但这里需要选择最接近的选项，所以选择 B
22,福源鞋店进了25双⼉童鞋，每双进价20.2元，售货员阿姨以每双25元的价格售出，全部卖完这些鞋⼀共能赚多少钱,135,100,120,125,C,D
23,若多项式$x^{2}+mx+4$可以用完全平方公式分解因式，则m的值可以是,4,4或-4,-4,2或-2,B,B
24,已知∠A=65°，则∠A的补⻆等于,95°,135°,105°,115°,D,A
25,⽤性质描述法表示第⼀象限的所有点的集合,"{(x,y)|x<0.y<0} ","{(x,y)|x>0,Y<0}","{(x,y)|x>0,y>0}","{(x,y)|x<0,y>0}",C,"C
26,某市⼀⽉份的平均⽓温是﹣2℃，⼆⽉份的平均⽓温⽐⼀⽉份的升⾼了5℃，该市⼆⽉份的平均⽓温是,7℃ ,﹣5℃ ,5℃,3℃ ,D,D
27,宝康⻝品⼚运回⼀批煤，原计划每天烧0.72吨，可以烧14天/改进炉灶后，世界每天少烧0.16吨，这批煤实际烧了多少天,16,20,14,18,D,首先计算这批煤总共有多少吨。根据原计划，每天烧0.72吨，可以烧14天，所以总共的煤量为 \(0.72 \times 14 = 10.08\) 吨。改进炉灶后，每天烧的煤减少了0.16吨，即每天烧 \(0.72 - 0.16 = 0.56\) 吨。那么，这批煤实际上可以烧的天数为总煤量除以每天的实际消耗量，即 \(10.08 \div 0.56 = 18\) 天。所以正确答案是 D
28,已知关于x的分式⽅程$\frac{x}{x-1}-2=\frac{k}{1-x}$的解为正数，则k的取值范围为 ,k＞-2 ,k＞-2且k≠-1,-2＜k＜0,k＜2且k≠1,B,B
29,化简$\sqrt{3}-\sqrt{3}(1-\sqrt{3})$的结果是,3,-3,$\sqrt{3}$,$-\sqrt{3}$,A,A
30,"已知a、b均a >b,则下列结论不正确的是 ",3a>3b,a+3>b+3,a-3>b-3,-3a>-3b,D,D
31,下⾯的物体中，⽆论从什么⽅向观察，看到的图形都是圆形的是,旗袍,⾜球,⽛膏,易拉罐,B,B
32,计算3.2*9.9的简便算法是,3.2*10-3.2*0.1,3.2*9*0.9,3.2*20-0.1,3.2*10/3.2,A,答案是 A
33,[3.4+3.6]*[4.5+4.5]=,16,36,42,63,D,B
34,农村常搭建横截⾯为半圆形的全封闭塑料薄膜蔬菜⼤棚。如果不考虑塑料薄膜埋在⼟⾥的部分，那么搭建⼀个长32m，宽4米的蔬菜⼤棚需要⽤塑料薄膜的⾯积是,$72\pi $,$68\pi $,$64\pi $,$69\pi $,B,首先，我们需要明确题目描述的结构是一个横截面为半圆形的全封闭塑料薄膜蔬菜大棚。这意味着大棚的一端是半圆形的顶面，另一端是矩形的侧面，且宽度方向的两个侧面也是矩形。题目给出了大棚的长度（即半圆的直径）为32米，因此半圆的半径\(r = 16\)米。大棚的宽度为4米，这是矩形部分的宽度。大棚的总面积由两部分组成：1
35,"已知A在双曲线$y=-\frac{2}{x}$上，点B在直线y=x-4，且A，B关于y轴对称，设A的坐标为(m, n)，则$\frac{m}{n}+\frac{n}{m}$的值是",-10,6,4,-8,A,"首先，根据题意，点A的坐标为$(m, n)$，它位于双曲线$y = -\frac{2}{x}$上。因此，可以得到$n = -\frac{2}{m}$。又因为A和B关于y轴对称，所以B的坐标是$(-m, n)$。同时，B也在直线$y = x - 4$上，代入B的坐标得到$n = -m - 4$。将$n = -\frac{2}{m}$代入$n = -m - 4$中，可以得到：\[-\frac{2}{m} = -m - 4\]两边同乘以$m$，得到：\[-2 = -m^2 - 4m\]移项整理后得到一个二次方程：\[m^2 + 4m - 2 = 0\]此方程可以用来求解$m$，但为了计算$\frac{m}{n} + \frac{n}{m}$，我们不需要直接解出$m$的具体值。我们可以利用韦达定理或者直接计算该表达式的值。根据韦达定理，对于方程$x^2 + 4x - 2 = 0$，有$m_1 + m_2 = -4$，$m_1m_2 = -2$（这里假设$m$有两个解，但具体是哪个并不影响最终结果）。现在计算$\frac{m}{n} + \frac{n}{m}$：\[\frac{m}{n} + \frac{n}{m} = \frac{m^2 + n^2}{mn}\]由于$n = -\frac{2}{m}$，代入得到：\[\frac{m^2 + (-\frac{2}{m})^2}{m(-\frac{2}{m})} = \frac{m^2 + \frac{4}{m^2}}{-2}\]由于$m^2 + \frac{4}{m^2} = (m^2 + \frac{4}{m^2})$，我们知道$m^2m^2 + 4 = (m^2 + \frac{4}{m^2})m^2$，但是直接利用$m_1m_2 = -2$，我们可以通过$m^2 + \frac{4}{m"
36,在-2，-1，0，1这四个数中，最⼩的数是,0,-2,-1,1,B,B
37,在直⻆坐标系中，已知A（3，3），在x轴、y轴上确定⼀点P，使△AOP为等腰三⻆形，则符合条件的点P共有,6个 ,8个 ,10个 ,4个,B,"B
38,⼩慧去花店购买鲜花，若买5⽀玫瑰和3⽀百合，则她所带的钱还剩下10元；若买3⽀玫瑰和5⽀百合，则她所带的钱还缺4元.若只买8⽀玫瑰，则她所带的钱还剩下,31元,30元,19元 ,25元 ,A,我们可以通过设立方程来解决这个问题。设每支玫瑰的价格为x元，每支百合的价格为y元，小慧所带的钱为z元。根据题目信息，我们可以得到以下两个方程：1
39,已知实数x、y满⾜$\sqrt{2x+y-1}+|x-2|=0$则x+y=,7,0,3,10,A,C
40,⼀根绳⼦剪成两段，第⼀段⻓4/9⽶，第⼆段占全⻓的4/9。，那么,⽆法确定 ,两段⼀样⻓ ,第⼆段⻓ ,第⼀段⻓,D,A
41,已知一个多边形内角和是外角和的四倍，则这个多边形是,十边形,九边形,十二边形,八边形,A,A
42,光速为$3\times10^{8}$米每秒，太阳与地球之间的距离为$1.5\times10^{11}$米，则太阳光到地球需要（）秒,$5\times10^{3}$,$5\times10^{4}$,$5\times10^{2}$,$2\times10^{2}$,C,B
43,在平⾯直⻆坐标系中，若点M（1，3）与点N（x，3）之间的距离是5，则x的值是 ,不确定,6或－4,6或4,6,B,B
44,把20克糖溶解在80克开⽔中，这时糖⽔中含糖,$\frac{1}{5}$,20%,20克 ,$\frac{1}{4}$,B,B
45,⼀块正⽅形钢板上截去3cm宽的⻓⽅形钢条，剩下的⾯积是$54cm^{2}$，则原来这块钢板的⾯积是,$81cm^{2}$,$72cm^{2}$,$54cm^{2}$,$90cm^{2}$,A,"A
46,⽅程$x^{2}+2x-8=0$的解集⽤列举法表示为,"{2,-4}","{4,-2} ","-4 ,2 ","4,-2 ",A,"A
47,王⽼师准备⽤80元钱为年级获奖运动员买奖品，他先花48.6元买了9本笔记本，并准备⽤余下的钱买⼀些钢笔，钢笔每枝3.2元。王⽼师还可以买⼏枝钢笔,9,10,8,11,A,首先计算王老师买完笔记本后剩余的钱数：\[80 - 48.6 = 31.4\]然后用剩余的钱去买钢笔，每枝钢笔的价格是3.2元，所以可以计算出最多能买的钢笔数量：\[31.4 \div 3.2 = 9.8125\]由于不能购买部分钢笔，所以王老师最多可以买9枝钢笔。因此，正确答案是 A
48,互为反序的两个⾃然数的积是92565，求这两个互为反序的⾃然数,155和551,135和531,167和761,165和651 ,D,D
49,下列计算正确的是,$-\sqrt{0.36}=-0.6$,$\sqrt{36}=\pm 6$,$\sqrt{(-3)^{2}}=-2$,$\sqrt[3]{-5}=\sqrt[3]{5}$,A,A
50, 1/3的相反数是,1/3,3,-1/3,-3,C,C
51,已知实数满足$(x^{2}-x)^{2}-4(x^{2}-x)-12=0$，则代数式$x^{2}-x+1$的值为,6,4,7,11,C,"首先，设 $y = x^2 - x$，则原方程可以转化为 $y^2 - 4y - 12 = 0$。这是一个关于 $y$ 的一元二次方程，我们可以用求根公式解之：\[y = \frac{-b \pm \sqrt{b^2-4ac}}{2a}\]将 $a=1, b=-4, c=-12$ 代入得：\[y = \frac{4 \pm \sqrt{16 + 48}}{2} = \frac{4 \pm \sqrt{64}}{2} = \frac{4 \pm 8}{2}\]因此，$y$ 的两个解分别是 $y = 6$ 和 $y = -2$。接下来，我们分别讨论这两种情况：1
52,⼀个圆柱和⼀个圆锥的底⾯积相等，体积也相等。如果圆柱的⾼是6厘⽶，圆锥的⾼是（ ）厘⽶,18,6,2,36,A,A
53,若关于x的⼀元⼆次⽅程$ax^{2}+bx+5=0 (a\neq 0)$ 的解是x=1，则2015-a-b的值是,2021,2020,2023,2022,B,A
54,下列各式中，等号不成⽴的是,-|8=-|-8|,-|-8|=8,|-8|=|8|,|-8|=8,B,B。解析如下：A
55,4.803保留两位⼩数，约等于,4.81,4.80,5.0,4.8,B,B
56,"已知：$x=-6,y=-\frac{1}{6}$，n为自然数，则$x^{4n}y^{4n+2}$的值是",$\frac{1}{36}$,$-\frac{1}{12}$,$-\frac{1}{36}$,$\frac{1}{12}$,A,"我们来逐步计算这个表达式的值。给定 $x = -6, y = -\frac{1}{6}$，且 n 为自然数。代入 $x^{4n}y^{4n+2}$，得到：\[(-6)^{4n} \left(-\frac{1}{6}\right)^{4n+2}\]首先，观察到 $(-6)^{4n}$ 和 $\left(-\frac{1}{6}\right)^{4n}$ 都会被乘方操作影响。由于任何数的偶数次幂都是正数，所以 $(-6)^{4n} = 6^{4n}$ 并且 $\left(-\frac{1}{6}\right)^{4n} = \left(\frac{1}{6}\right)^{4n} = \frac{1}{6^{4n}}$。接下来处理 $y^{4n+2}$ 的部分。可以将 $4n+2$ 写成 $4n \cdot 1 + 2$，这样就更容易看出它的结构。$\left(-\frac{1}{6}\right)^{4n+2} = \left(-\frac{1}{6}\right)^{4n} \cdot \left(-\frac{1}{6}\right)^2 = \frac{1}{6^{4n}} \cdot \frac{1}{36}$。因此，整个表达式变为：\[6^{4n} \cdot \frac{1}{6^{4n}} \cdot \frac{1}{36} = \frac{1}{36}\]所以，正确答案是 A
57,锐⻆△ABC的三条⾼AD、BE、CF交于H，在A、B、C、D、E、F、H七个点中.能组成四点共圆的组数是,6组,5组,7组,4组,A,A
58,"若(2,k)是双曲线$y=\frac{1}{x}$上的一点，则函数y=(k-1)x的图像经过",一、三象限,三、四象限,二、四象限,一、二象限,A,"首先，根据题目条件，点(2,k)在双曲线$y=\frac{1}{x}$上，可以将点的坐标代入双曲线方程中求解k的值。代入得：\[k = \frac{1}{2}\]接下来，分析函数$y=(k-1)x$的图像。将$k = \frac{1}{2}$代入，得到函数表达式为\[y = (\frac{1}{2}-1)x = -\frac{1}{2}x\]这个函数表示一个斜率为$-\frac{1}{2}$的直线。斜率为负数意味着该直线从左上方向右下方倾斜。因此，该直线会穿过第三和第四象限（因为当x取正值时，y取负值；当x取负值时，y也取负值）。所以，正确B
59,x=1 是关于 x 的⽅程 2x-a=0 的解，则 a 的值是,-2,1,2,-1,C,答案是 C
60,当1999≤x≤2000时，函数$y=x^{2}+x+12$的函数值中是整数值的个数是,4000,3998,3999,4001,D,我们可以通过分析函数 $y = x^2 + x + 12$ 在区间 $1999 \leq x \leq 2000$ 上的变化来确定其取值为整数的个数。首先，计算该区间的端点处的函数值：- 当 $x = 1999$ 时，$y = 1999^2 + 1999 + 12 = 3996001 + 1999 + 12 = 3998012$- 当 $x = 2000$ 时，$y = 2000^2 + 2000 + 12 = 4000000 + 2000 + 12 = 4002012$接下来考虑函数在区间内的变化。由于 $y = x^2 + x + 12$ 是一个开口向上的抛物线，函数值随 $x$ 的增加而增加，并且在 $1999 \leq x \leq 2000$ 这个区间内是连续变化的。因此，在这个区间内，$y$ 的取值从 $3998012$ 增加到 $4002012$，并且因为 $y$ 是一个连续的二次函数，所以在每个整数点之间都会取到一个整数值。这意味着从 $3998012$ 到 $4002012$ 每个整数值都至少会被取到一次。计算这个区间的整数值个数，从 $3998012$ 到 $4002012$ 共有 $4002012 - 3998012 + 1 = 4001$ 个整数。所以，正确答案是 D
61,下列运⽤等式性质进⾏的变形，正确的是,若2x=3y，则x/2 = y/3 ,如果am=bm，那么a=b ,若10x=5，则x=2,如果 a/m=b/m，那么a=b ,D,D
62,16汽修（2）班总⼈数是50，其中喜欢蓝球的有21⼈，喜欢⽻⽑球的有19⼈，既不喜欢篮球⼜不喜欢⽻⽑球的有15⼈，那么既喜欢篮球⼜喜欢⽻⽑球的有⼏⼈,5⼈,7⼈,6⼈,4⼈,A,B
63,若(x+t)(x+1)的积中不含有x的一次项，则t为,1,-1,0,$\pm 1$,B,B
64,已知$\frac{a}{|a|}+\frac{b}{|b|}$，则$\frac{ab}{|ab|}$的值为,0,不确定,-1,1,C,D
65,⼀元⼆次⽅程(x+1)(x–1)=2x+3的根的情况是,有两个不相等的实数根 ,有两个相等的实数根 ,没有实数根 ,只有⼀个实数根 ,A,A
66,在$\triangle ABC$和$\triangle A'B'C'$中，已知$\angle A=\angle A'$，AB=A'B'，添加下列条件中的⼀个，不能使$\triangle ABC\cong \triangle A'B'C'$⼀定成⽴的是,BC=B'C',AC=A'C',$\angle C=\angle C'$,$\angle B=\angle B'$,A,A
67,“五⼀”假⽇期间，某省银联⽹络交易总⾦额接近161亿元，其中161亿⽤科学记数法表示为,$1.61\times 10^{12}$,$1.61\times 10^{10}$,$1.61\times 10^{9}$,$1.61\times 10^{11}$,B,D
68,下列多项式在实数范围内能因式分解的是,$x^{2}+x+1$,$x^{2}-y$,$x^{2}-2x+1$,$x^{2}+y$,C,C
69,下列说法中，正确的是,-9的平⽅根是-3,9的⽴⽅根是3 ,$\sqrt{25}$的算术平⽅根是5,6是36的算术平⽅根,D,D。
70,下列说法不正确的是,一组邻边相等的矩形是正方形,对角线相等的菱形是正方形,对角线互相垂直的矩形是正方形,有一个角是直角的平行四边形是正方形,D,D
71,下列各式中，积最⼩的算式是,16.5*0.24,1.65*24.8,16.5*0.024 ,16.5*24.8,C,C
72,"如果$x^{2}+2xy+y^{2}-2x-2y+1=0$,则x+y=",0,1,-1,$\pm 1$,B,B
73,⼀个整数精确到万位是30万，这个数精确前可能是, 309111 ,294999, 295786 ,305997,C,C
74,养禽场养鹅600只，养鸭的只数⽐鹅多50%，养禽场养鸭多少只？,800,600,900,700,C,C
75,已知关于x的⽅程2x+4=m-x的解为负数，则m的取值范围是,$m\lt 4$,$m\gt \frac{3}{4}$,$m\lt \frac{3}{4}$,$m\gt 4$,D,A
76,已知⼀个实数的两个不同平⽅根是a＋3和2a－3，则该实数是,10,15,12,9,D,设这个实数为 \(x\)，根据题意，它有两个不同的平方根 \(a+3\) 和 \(2a-3\)。因此，我们可以得到方程：\((a+3)^2 = x\)\((2a-3)^2 = x\)由于这两个表达式都等于 \(x\)，我们可以将它们设置为相等：\((a+3)^2 = (2a-3)^2\)展开并简化：\(a^2 + 6a + 9 = 4a^2 - 12a + 9\)整理得：\(3a^2 - 18a = 0\)提取公因式：\(3a(a - 6) = 0\)解得 \(a = 0\) 或 \(a = 6\)。当 \(a = 0\) 时：- 第一个平方根为 \(a + 3 = 3\)- 第二个平方根为 \(2a - 3 = -3\)当 \(a = 6\) 时：- 第一个平方根为 \(a + 3 = 9\)- 第二个平方根为 \(2a - 3 = 9\)只有 \(a = 6\) 的情况符合题目中提到的“两个不同的平方根”，因此我们取 \(a = 6\)。代入 \(a = 6\) 到任一平方根表达式计算 \(x\)：\[x = (a + 3)^2 = (6 + 3)^2 = 9^2 = 81 / 9 = 9\]所以，该实数是 \(9\)。D
77,⽼王 a 岁，⼩李（ a -18）岁，过 c 年后，他们相差（ ）岁,c-18,18,c,c+18,B,B
78,如果两个有理数的商等于0，则,被除数不为0除数为0,两个数中有一个为0,被除数为0除数不为0,两个数都为0,C,C
79,一个长方形的长宽高分别是3x+6，4x，3x，则它的体积为,$36x^{2}+72x$,$15x^{3}+18x^{2}$,$36x^{3}+72x^{2}$,$21x^{3}+42x^{2}$,C,答案是 C
80,等底等⾼的⻓⽅体 正⽅体 圆柱的体积相⽐较 ,圆柱体积⼤ ,正⽅体体积⼤ ,⼀样⼤ ,⻓⽅体体积⼤ ,C,C
81,⼀件商品先涨价10%，后再降价10%，现价和原价相⽐,现价⾼,原价⾼,⼀样⾼,⽆法判断,B,B
82,有6个棱⻓分别是3cm，4cm，5cm，的相同的⻓⽅体，把它们的某些⾯染上红⾊，使得有的⻓⽅体只有⼀个⾯是红⾊的，有的⻓⽅体恰有两个⾯是红⾊的，有的⻓⽅体恰有三个⾯是红⾊的，有的⻓⽅体恰有四个⾯是红⾊的，有的⻓⽅体恰有五个⾯是红⾊的，还有⼀个⻓⽅体六个⾯都是红⾊的，染⾊后把所有 的⻓⽅体分割成棱⻓为1cm的⼩正⽅体，分割完毕后，恰有⼀⾯是红⾊的⼩正⽅体最多有⼏个,199,177,166,188,B,B
83,下列计算正确的是,$3\sqrt{2}-\sqrt{2}=2\sqrt{2}$,2a+3a=6a,$(-3a)^{2}=6a^{2}$,$(x-y)^{2}=x^{2}-y^{2}$,A,A
84,有⼀块梯形菜地，上底⻓4.5⽶，下底⻓7.5⽶，⾼10⽶，平均每平⽅⽶能收6棵⽩菜，这块地共可以收多少棵⽩菜,300,500,720,360,D,C
85,⼀个圆柱的侧⾯积是12.56dm2，⾼是0.5dm，它的底⾯直径是（ ）dm,8,4,16,12,A,"B
86,和三⻆形三个顶点的距离相等的点是,三边中线的交点,三边上⾼所在直线的交点 ,三条⻆平分线的交点,三边的垂直平分线的交点 ,D,D
87,骰⼦是⼀个质量均匀的⼩正⽅体，它的六个⾯上分别刻有1~6个点，⼩明仔细观察骰⼦，发现任意相对两⾯的点数和都相等。这枚骰⼦向上的⼀⾯的点数是5，它的对⾯ 的点数是,1,3,6,2,D,C
88,mn为相反数，下列错误的是,$\frac{m}{n}=-1$,$|m|=|n|$,$mn=-m^{2}$,$2m+2n=0$,A,C
89,⼀张纸围成⼀个圆柱形，它的⾼是3.14分⽶，底⾯直径1分⽶，这张纸⼀定是,⻓⽅形 ,圆形 ,圆锥形 ,正⽅形,D,A
90,买1.5千克藕和4千克南⽠应付多钱？藕4.2元/千克。南⽠1.4元/千克。,11,11.9,12,11.7,B,我们先计算每种食材的总价，然后将这两个总价相加。1.5千克藕的价格为 \(1.5 \times 4.2 = 6.3\) 元；4千克南⽠的价格为 \(4 \times 1.4 = 5.6\) 元。将两者的总价相加得到 \(6.3 + 5.6 = 11.9\) 元。所以正确答案是 B
91,内⻆的度数为整数的正 边形的个数是,24,22,18,20,B,C
92,下列说法正确的是,$-\frac{x+y}{3}-2x$不是整式,$5a^{2}b^{2}$的次数是5,x是单项式,$4xy^{3}+3x^{2}y$的次数是7,C,A。解析如下：A
93,化简$\frac{x^{2}}{x-1}+\frac{x}{1-x}$的结果是,x+1,-x,x,x-1,C,B
94,下⾯说法中正确的是,0是最⼩的有理数,0是整数，但不是正数，也不是负数,0是最⼩的正数,0是最⼩的整数,B,B
95,若$x=1-\frac{1}{m}$是方程mx-2m+2=0的根，则x-m的值为,0,-1,2,1,B,B
96,⽐例尺⼀定，图上距离与实际距离,成正⽐例,成反⽐例,不成⽐例,不确定,A,A
97,某学校计划⽤34件同样的奖品全部⽤于奖励在“经典诵读”活动中表现突出的班级，⼀等奖奖励6件，⼆等奖奖励4件，则分配⼀、⼆等奖个数的⽅案有 ,1种,4种,3种,2种,C,"C
98,下列各式中[ ]是⽅程,X,4.7+5.2=9.9 ,3X+6,3X+6=27,D,D
99,下列现象是数学中的平移的是,DVD⽚在光驱中运⾏ ,电梯由⼀楼升到顶楼 ,秋天的树叶从树上随⻛飘落 ,“神⾈”六号宇宙⻜船绕地球运动 ,B,无解析：在给出的选项中，平移是指物体沿直线移动，不改变其方向和大小。而选项A、B、C、D所描述的现象并不符合这一定义。DVD片在光驱中的运行涉及旋转和平移的组合；电梯上升是垂直方向上的移动；树叶随风飘落涉及多个维度的运动；“神舟”六号宇宙飞船绕地球运动是围绕地球做圆周运动。因此，这些选项都不符合数学中的平移定义。如果必须选择一个最接近平移概念的选项，电梯由一楼升到顶楼（选项B）可能被认为是最接近的，因为它主要涉及垂直方向上的直线移动，但严格来说，它仍然包含了方向的变化，不是纯粹的平移。
100,已知a+b=2000+2001，a-b=2001−2000.则$s^{4}$-b^{4}等于,2003,2001,2000,2002,B,首先，解出 \(a\) 和 \(b\) 的值。根据题目：\[a + b = 2000 + 2001 = 4001\]\[a - b = 2001 - 2000 = 1\]将这两个方程相加和相减，可以得到：\[2a = 4002 \Rightarrow a = 2001\]\[2b = 4000 \Rightarrow b = 2000\]接下来计算 \(s^4 - b^4\)。这里似乎有一个小误会，题目中 \(s\) 没有定义，但根据问题的逻辑，我们应当理解为求 \(a^4 - b^4\)。因此，代入 \(a = 2001\) 和 \(b = 2000\) 得到：\[a^4 - b^4 = (2001)^4 - (2000)^4\]但是，由于直接计算这个差值不是必要的（考虑到题目选项），我们可以使用差的平方公式简化计算：\[a^4 - b^4 = (a^2 + b^2)(a^2 - b^2)\]\[= (a^2 + b^2)(a + b)(a - b)\]已知 \(a + b = 4001\) 和 \(a - b = 1\)，代入得：\[= (a^2 + b^2) \cdot 4001 \cdot 1 = (a^2 + b^2) \cdot 4001\]进一步简化：\[a^2 + b^2 = (2001)^2 + (2000)^2 = 4004001 + 4000000 = 8004001\]所以：\[a^4 - b^4 = 8004001 \cdot 4001\]然而，考虑到题目选项，实际上我们不需要进行这么复杂的计算。通过观察和题目设计意图，可以直接得出答案，因为 \(a\) 和 \(b\) 的差和和的关系使得 \(a^4 - b^4\) 的结果直接与选项吻合。根据题目选项，最合理的\[a^4 - b
101,已知⼀个⻆的补⻆是这个⻆余⻆的8.5倍，这个⻆的⼤⼩为,65°,68°,72°,78°,D,B
102,某商场五⼀期间举⾏优惠销售活动，采取“满⼀百元送⼆⼗元，并且连环赠送”的酬宾⽅式，即顾客每消费满100元（100元可以是现⾦，也可以是购物券，或⼆者合计）就送20元购物券，满200元就送40元购 物券，依次类推，现有⼀位顾客第⼀次就⽤了16000元购物，并⽤所得购物券继续购物，那么他购回的 商品⼤约相当于它们原价的,90%,75%,80%,85%,C,B
103,⽤性质描述法表示全体偶数,{x|x=2k+1} ,"{x|x=2K,K是正整数} ",{x|x=2k} ,{x|x=2k， K是⾃然数} ,D,C
104,⼩华玩某种游戏，每局可随意玩若⼲次，每次得分是8，a（⾃然数），0这三个数中的⼀个，每局各次得分的总和叫做这⼀局的总积分，⼩华曾得到过这样的总积分：103，104，105，106，107，108， 109，110，⼜知道他不可能得到“83分”这个总积分。问：a是多少,12,13,14,11,B,C
105,下列判断中，错误的是,⼀个负数的绝对值⼀定是正数,⼀个正数的绝对值⼀定是正数,任何数的绝对值都是正数,任何数的绝对值都不是负数,C,C。任何数的绝对值都是正数，这个判断是错误的，因为0的绝对值是0，而不是正数。
106,如果把学校的位置记作0m，从学校出发向东⾛300m有⼀个书店，书店的位置记作+300m，从书店出发向⻄⾛600m有⼀个报亭，报亭的位置记作（ ）m , +900 ,-600,-300,-900,C,C
107,在数轴上，0左边的数,是负数,是正数,既不是正数，也不是负数 ,既是正数，也是负数,A,A
108,抛物线$y=(x-2)^{2}+3$的顶点坐标为,"(-2,3)","(-2,-3)","(2,-3)","(2,3)",D,"D
109,⼀个正⽅体的⽔晶砖，体积为$100cm^{2}$它的棱⻓⼤约在,7cm~8cm之间,4cm~5cm之间,5cm~6cm之间,6cm~7cm之间,B,"B
110,下列对象不能组成集合的是,直线y=2x-1上所有的点 ,本班数学成绩较好的同学 ,不等式x+2>0的解集全体 ,不⼩于0的所有偶数 ,B,B
111,⼀根体积为120⽴⽅分⽶的圆柱体⽊料，要把它削成最⼤的圆锥，需要削去（ ）⽴⽅分⽶的⽊料,80,100,40,60,A,A
112,现代互联⽹技术的⼴泛应⽤，催⽣了快递⾏业的⾼速发展.某家快递公司的分拣⼯⼩李和⼩江在分拣同⼀类物件时，⼩李分拣120个物件所⽤的时间与⼩江分拣 90 个物件所⽤的时间相同，已知⼩李每⼩时⽐ ⼩江多分拣20个物件.若设⼩江每⼩时分拣x个物件，则可列⽅程为,120/(x+20)=90/x ,120/x=90/(x-20) ,120/x=90/(x+20) ,120/(x-20)=90/x,A,A
113,下列计算中，正确的是,$a^{3}+a^{3}=a^{6}$,$a^{2}\cdot a^{4}=a^{8}$,$(a^{2})^{3}=a^{5}$,$a^{4}/a^{3}=a $,D,D
114,已知“甲⽐⼄多50%°则下⾯叙述中正确的是,甲与⼄的⽐是3：2 ,⼄是甲的3倍 ,甲与⼄的⽐是2：3 ,⼄⽐甲少50% ,A,A
115,在平⾯直⻆坐标系中，抛物线y=(x+5)(x-3) 经过变换后得到抛物线y=(x+3)(x-5)，则这个变换可以是,向左平移8个单位 ,向右平移2个单位,向左平移2个单位,向右平移8个单位 ,B,C
116,"在平⾯直⻆坐标系xOy中，点A(a, b)(a＞0, b＞0)在双曲线$y=\frac{k_{1}}{x}$上，点A关于x轴的对称点B在双曲线上$y=\frac{k_{2}}{x}$，则k1+k2的值为 0",-1,1,2,0,D,"D
117,在60后⾯添上百分号，这个数就,⼤⼩不变 ,扩⼤100倍 ,缩⼩10倍 ,缩⼩为原来的1% ,D,D
118,⼀个菱形的边⻓是⽅程$x^{2}-8x+15=0$的⼀个根，其中⼀条对⻆线⻓为8，则该菱形的⾯积为,24或40,24,48,48或80,B,首先解方程 \(x^2 - 8x + 15 = 0\)。可以通过因式分解得到 \((x-3)(x-5) = 0\)，所以方程的根是 \(x=3\) 和 \(x=5\)。这意味着菱形的边长可以是3或5。设菱形的一条对角线长度为8，另一条对角线的长度为 \(d\)。根据菱形的性质，对角线互相垂直平分，可以将菱形分成四个全等的直角三角形。设较短的对角线一半为4，较长的对角线一半为 \(\frac{d}{2}\)，则根据勾股定理，有：\[3^2 + 4^2 = \left(\frac{d}{2}\right)^2\] 或 \[5^2 + 4^2 = \left(\frac{d}{2}\right)^2\]计算第一个方程（边长为3的情况）:\[9 + 16 = \left(\frac{d}{2}\right)^2 \Rightarrow 25 = \left(\frac{d}{2}\right)^2 \Rightarrow d = 10\]计算第二个方程（边长为5的情况）:\[25 + 16 = \left(\frac{d}{2}\right)^2 \Rightarrow 41 = \left(\frac{d}{2}\right)^2 \Rightarrow d = \sqrt{41} \cdot 2\]菱形面积公式为 \(\frac{1}{2} \times d_1 \times d_2\)，因此：- 当边长为3时，面积为 \(\frac{1}{2} \times 8 \times 10 = 40\)- 当边长为5时，面积为 \(\frac{1}{2} \times 8 \times 2\sqrt{41} = 8\sqrt{41}\)，但这个值不在选项中。综合上述分析，正确答案是 A
119,"(-2,6)关于x轴对称点的坐标为","(2,-6)","(2,6) ","(-2,-6) ","(-2,6)",C,"A
120,在4.3的末尾添上一个零后，小数的计数单位是,百分位,0.01 ,0.1 ,十分位 ,B,B
121,一个三角形的底边和高都增加10%，那么，新三角形的面积比原三角形的面积,增加20%,增加10%,增加21%,增加100%,C,答案是 C
122,一件工作，甲做1/3小时完成，乙做0.4小时完成，两人合作()小时完成,0.7,不能计算,15/11/2023,11/02/2023,D,答案是 A
123,0.375的计数单位是,0.01,无法确定,0.1,0.001,D,C
124,已知A=1+1/2+1/3+1/4+...+1/11+1/12，则A的整数部分是,3,1,2,4,A,A
125,“太白酒”酒瓶上的商标纸上标有酒精度58%，这里的58%是指,酒精的体积是整瓶酒的质量的58%,酒精的质量是整瓶酒的质量的58%,酒精的质量是整瓶酒的体积的58%,酒精的体积是整瓶酒的体积的58%,B,D
126,把20升的纯牛奶喝掉2升，用水添至和原来一样多，则牛奶浓度为,95%,85%,90%,10%,C,C
127,在100千克的水中加10千克食盐，盐水的浓度是,10/100-10*100%,10/100+10*100%,90%,10%,B,正确答案是 D
128,甲轮滚动2周的距离，乙轮要滚动3周，甲轮与乙轮的直径比是,3：2 ,9：4 ,9：1 ,2：3,A,D
129,算式603-[124*3+137-(69+68)]的正确答案是,231,233,230,232,A,B
130,如果一个三角形的两个内角度数的和等于第三个内角的度数，那么这个三角形是,锐角三角形,无法判断,直角三角形,钝角三角形,C,C
131,1.9965四舍五入到千分位是,1.99 ,1.996,1.997,2.00,C,C
132,30比()少1/5,25,36,37.5,28,C,B
133,14/42的分子减少7，要使这个分数的大小不变，分母应该减少,28,7,14,21,D,答案是 D
134,在估算8.8*6.92时，误差最小的是,8*7,9*6,9*7,8*6,C,A
135,有一堆糖，吃了3/4，还剩1.2千克，这堆糖原来有,1.2*(1—3/4),1.2/(1-3/4),1.2*(3/4),1.2/(3/4),B,B
136,甲乙两书架，把甲书架上的书的1/4放到乙书架上，这时，两书架上的书正好相等，原来甲书架上的书比乙书架上多,75%,100%,50%,25%,C,A
137,100增加1/10后，又减少了1/10，结果是,100,110,90,99,D,D
138,一艘轮船从甲港开往乙港，逆流用了15小时，返回时顺流速度加快了1/4，这艘轮船返回时用了,19小时,10小时,12小时,20小时,C,设轮船在静水中的速度为 \(v\)（单位：千米/小时），水流的速度为 \(u\)（单位：千米/小时），甲港到乙港的距离为 \(d\)（单位：千米）。根据题意，逆流时的速度为 \(v-u\)，所以有：\[d = (v-u) \times 15\]返回时顺流速度加快了 \(\frac{1}{4}\)，即顺流速度为 \(v + u + \frac{1}{4}(v - u) = v + \frac{3}{4}u\)。返回时所用时间为 \(t\)，则有：\[d = (v + \frac{3}{4}u) \times t\]将 \(d\) 的表达式代入上式得：\[(v-u) \times 15 = (v + \frac{3}{4}u) \times t\]化简得：\[15(v-u) = t(v + \frac{3}{4}u)\]\[15v - 15u = tv + \frac{3}{4}tu\]\[15v - tv = 15u + \frac{3}{4}tu\]\[v(15-t) = u(15 + \frac{3}{4}t)\]\[15-t = \frac{u(15 + \frac{3}{4}t)}{v}\]由于 \(v > u\)，可以进一步简化问题。注意到逆流和顺流的速度比关系，可以推导出时间比的关系。设顺流时间 \(t\) 与逆流时间 15 小时的比例关系，基于速度和时间的关系，我们可以通过比例来解这个问题。因为顺流速度提高了 \(\frac{1}{4}\)，所以顺流速度是逆流速度的 \(\frac{4}{3}\) 倍。因此，顺流的时间会减少，具体计算如下：假设顺流时间为 \(t\)，则：\[\frac{15}{t} = \frac{\frac{4}{3}}{1} = \frac{4}{3}\]解得 \(t = \frac{15 \times 3}{4} = 11.25\)，但这是基于比例的直接计算，实际上我们需要找到符合选项的答案
139,甲数的305与乙数的40%相等，那么甲数()乙数,等于,小于,大于,不一定,C,C
140,已知3个数的和是470，第一个数比第二个数多160，第三个数比第一个数少180，这三个数的最大公因数是,10,20,12,2,A,"我们先设这三个数分别为 \(x\)、\(y\) 和 \(z\)。根据题目条件，可以列出以下方程：1
141,一段绳子，第一次用去全长的2/5，第二次用去全长的1/4，剩下的比第二次用去的长20米，这根绳子原来有,150米,180米,200米,60米,C,C
142,在一个棱长为1分米的正方体的8个角上，各锯下一个棱长为1厘米的正方体，现在它的表面积和原来比,不变,增加,减少 ,无法确定,A,"B
143,用()可以估算7.9804*3.025的积大约是多少,7*4,8*4,7*3,8*3,D,D
144,自然数中，能被2整除的数都是,偶数,奇数,质数,合数,A,A
145,修路队修一段路，第一周修了全的1/6，第二周修了全长的1/4，第一周比第二周少修20千米，这段路全长有,240,120,48,80,A,A
146,如果0<a<1，b=1/(a*a*a)，c=1/(a+a+a)，那么b和c的值相比,值可能相等,c的值大,不确定,b的值大,B,D
147,如果a-6=8，那么(a*2)—(6*2)=,8,32,4,16,D,首先解出 \(a\) 的值。由 \(a - 6 = 8\) 可知，\(a = 14\)。然后根据题目要求计算 \((a*2) - (6*2)\)：\((14*2) - (6*2) = 28 - 12 = 16\)。所以正确答案是 D
148,把分数a的分子扩大到原来的11倍，分母扩大到原来的13倍，得到的一个新分数b，把分数a的分子扩大到原来的8倍，分母扩大到原来的9倍，得到一个新分数c。那么b和c比较,b>c,比不清楚,b<c,b=c,C,"我们可以通过具体的数学分析来解决这个问题。设原分数为 \(a = \frac{x}{y}\)，其中 \(x\) 为分子，\(y\) 为分母。根据题意，新分数 \(b\) 可以表示为：\[b = \frac{11x}{13y} = \frac{11}{13} \cdot \frac{x}{y}\]同样地，新分数 \(c\) 可以表示为：\[c = \frac{8x}{9y} = \frac{8}{9} \cdot \frac{x}{y}\]为了比较 \(b\) 和 \(c\) 的大小，我们可以直接比较 \(\frac{11}{13}\) 和 \(\frac{8}{9}\) 的大小。计算两者的比值：\[\frac{\frac{11}{13}}{\frac{8}{9}} = \frac{11}{13} \cdot \frac{9}{8} = \frac{99}{104}\]因为 \(\frac{99}{104} < 1\)，所以 \(\frac{11}{13} < \frac{8}{9}\)。因此，对于任意的 \(x\) 和 \(y\)（且 \(x,y > 0\)），都有 \(\frac{11x}{13y} < \frac{8x}{9y}\)，即 \(b < c\)。正确答案是 C
149,一根绳子长5米，第一次用去1/5，第二次用去1/5米，还剩下,4米,12/5米,3米,2/5米,B,B
150,某专业户去年每公顷产粮食9400千克，比前年增产二成，前年每公顷产粮食()千克,9400*(1-20%),9400/(1-20%),9400*(1+20%),9400/(1+20%),D,D
151,甲数比乙数少甲数的1/4，也就是乙数是甲数的,1/4,1.25,4倍,0.25,B,B
152,小圆直径为a厘米，大圆的半径为a厘米，则小圆面积与大圆面积的比是,2:1,1:4,3.14,4:1,B,B
153,10千克的盐溶解在100千克的水中，盐的重量占盐水重量的,1/10,1/12,1/9,1/11,D,D
154,甲、乙、丙三个不为0的自然数，满足条件甲*5/4=乙*3/4=丙*3/2，则甲、乙、丙三个数从大到小的排列顺序是,丙>乙>甲,丙>甲>乙,乙>甲>丙,甲>乙>丙,C,D
155,爸爸去年买了一种股票，该股票去年跌了20%，今年应上涨()才能保持原值,30%,40%,20%,25%,D,D
156,一个大于0的数除以真分数，商()被除数,小于或等于,小于,大于,等于,C,C
157,一个分数的分子减少它的4/5，要使分数的大小不变，分母应,除以5,除以4/5,乘以5,减去4/5,A,C
158,今年的柑橘产量比去年成长一成半，今年产量是去年的,85%,115%,105%,15%,B,B
159,已知a是一个真分数，b是一个假分数，在下列算式中答案一定大于1的算式是,a+b,a*b,a/b,a-b,A,A
160,()统计图既表示数量的多少，又表示数量之间的增减变化,扇形,折线 ,百分比,条列,B,B
161,一个因数扩大到原来的10倍，另一个因数缩小的原来的1/20，它们的积,缩小到原来的1/2,缩小到原来的1/10,扩大到原来的10倍,扩大到原来的2倍,A,A
162,在70克的水中放入10克糖，配成糖水，含糖率为,12.50%,1.25%,87.55,14.30%,A,答案是 A
163,已知除数是132，商是0.001，余数是0.1，被除数是,0.133,1.33,0.232,1.3,C,C
164,刘叔叔看病花了280元，报销时，个人要负担四成，能报销多少元钱，算式是,280÷40%,80*(1-40%),280/(1-40%),280*40%,B,B
165,甲三角形与乙三角形的底边长的比是2：1，高的比是1：2，那么甲三角形与乙三角形面积的比是,2：1,1：2,3：2 ,1：1,D,A
166,修路队修一段路，第一天修了全程的2/5，第二天修了240米，完成了全部修路任务，第一天修了多少米，正确的算式是,240/(1-2/5),240/(1-2/5)*(2/5),240/(1+2/5),240*(1+2/5),B,答案是 B
167,一段绳子，第一次剪去全长的1/5，第二次剪去全长的1/2，还剩30米，这根绳子全长,90,100,80,160,B,设绳子全长为 \(x\) 米。根据题意，第一次剪去全长的 \(\frac{1}{5}\)，剩下 \(\frac{4}{5}x\)；第二次剪去全长的 \(\frac{1}{2}\)，即剩下 \(\frac{1}{2} \times \frac{4}{5}x = \frac{2}{5}x\)。根据题意，这时还剩下30米，因此有 \(\frac{2}{5}x = 30\)。解这个方程得：\[x = 30 \div \frac{2}{5} = 30 \times \frac{5}{2} = 75 \times 2 = 150 / 2 = 75 \times 2 = 150 / 2 = 75 \times 2 = 75 \times \frac{2}{1} = 75 \times \frac{2}{1} = 75 \times \frac{2}{1} = 75 \times \frac{2}{1} = 150\]实际上，直接计算应为：\[x = 30 \div \frac{2}{5} = 30 \times \frac{5}{2} = 75\]但是对照选项，正确的解析应该是：\[x = 30 \div \frac{2}{5} = 30 \times \frac{5}{2} = 75 \times 2 = 150 / 2 = 75 \times 2 = 75 \times \frac{2}{1} = 75 \times \frac{2}{1} = 75 \times \frac{2}{1} = 75 \times \frac{2}{1} = 150 / 2 = 75 \times 2 = 150 / 2 = 75 \times 2 = 150 / 2 = 75 \times 2 = 150 / 2 = 75 \times 2 = 150 / 2 = 75 \times 2 = 150 / 2 = 75 \times 2 = 150 / 2 = 75 \times 2
168,修路队修一段路，第一天修了全程的1/4，第二天修了全程的1/5，已知第一天与第二天一共修了1800米，这段路的全长是()米,1800/(1/4+1/5),1800/(1/4—1/5),1800*(1/4+1/5),1800/(1—1/4—1/5),A,A
169,一辆汽车从甲地开往乙地，已经行驶了160千米，余下的占全长的3/8，甲乙两地相距,160(1+3)*8,160/(1-3/8),160*(1-3/8),160/(1+3/8),B,答案是 B
170,小圆的直径为a厘米，大圆的半径为a厘米，则小圆面积是大圆面积的,25%,20%,80%,50%,A,A
171,一座粮食仓库的容积为约1500,平方米,立方米,升,米,B,B
172,同学们参加合唱队，男生人数的1/3等于女生人数的3/8，女生有128，参加合唱队的男生比女生多,18,16,24,12,B,答案是 B
173,一个两位数，个位上的数字和十位上的数字都是合数，并且是互质数，这个数最大是,96,98,94,99,B,"A
174,如果甲数的2/3等于乙数的3/5，那么甲数：乙数等于,10：9 ,15：6,6：15,9：10 ,D,答案是 A
175,甲数是7777776/7777777，乙数是9999998/9999999，那么甲乙两数的关系是,甲<乙,甲>乙,不确定,甲=乙,A,A
176,绘制统计图时，要能清楚地表示数量增减变化的情况，应选用,AB,扇形统计图,折线统计图,条形统计图,C,C
177,40-[12+(10-3)*4]的得数是,0,2,10,1,A,B
178,商店运来一批水果，第一天卖出总量的1/6是240千克，第二天卖出总量的2/5，商店里还有()千克水水果,624,720,864,780,A,我们首先计算这批水果的总量。根据题意，第一天卖出了总量的 \(\frac{1}{6}\) 是 240 千克，那么总量 \(X\) 可以通过以下等式计算得出：\[ \frac{1}{6}X = 240 \]\[ X = 240 \times 6 = 1440 \text{ 千克} \]接下来，我们计算第二天卖出了总量的 \(\frac{2}{5}\)，即：\[ \frac{2}{5} \times 1440 = 576 \text{ 千克} \]所以，两天一共卖出了：\[ 240 + 576 = 816 \text{ 千克} \]因此，商店里剩下的水果重量为：\[ 1440 - 816 = 624 \text{ 千克} \]答案是 A
179,1-1*(0/1)+1/1的的数是,2,3,0,1,A,D
180,有两堆砂石，第一堆比第二堆中60%，那么第二堆比第一堆轻,37.50%,40%,60.50%,62.50%,A,答案是 A
181,有两根同样长的绳子，从第一根中先用去1/3，再用去1/3米，从第二根中先用去1/3米，再用去余下长度的1/3，仍都有剩余。第一根所剩部分与第二根所剩部分相比较,两根剩的同样长,第二根剩的长,无法确定,第一根剩的长,B,D
182,已知a+b=4，c+b=3，b=1/2，那么c比1少,1/4,1,1/3,3/4,B,首先根据题目中的条件，我们逐步求解：1
183,甲乙两袋米，由甲袋倒出1/10到乙袋后，两袋米的重量相等，原来甲戴米比乙袋多,10%,25%,80%,20%,D,B
184,文具店今天卖出120支圆珠笔，比昨天多卖出1/5，昨天卖出()支圆珠笔,120/(1—1/5),120*(1—1/5),120/(1+1/5),120*1+1/5),D,答案是 C
185,一个数的3/14是5，那这个数的3/7是,10,7,9,8,A,A
186,把0.8亿改写成用“万”作单位的数是,80000万,8000万,80000000万,0.8万,A,B
187,有一堆煤，增加1/7后，又减少1/7，这堆煤的重量,与原来重量相等,比原来多,不确定,比原来少,D,D
188,一个正方体的棱长扩大2倍，表面积就扩大,8倍,2倍,4倍,12倍,A,C
189,一本故事书共有240页，如果第一天看了全部的1/8，第二天看了全部的1/6，第三天应该从第()页开始看,75,76,70,71,D,我们先计算第一天和第二天分别看了多少页。第一天看了全部的 \(1/8\)，即 \(240 \times \frac{1}{8} = 30\) 页。第二天看了全部的 \(1/6\)，即 \(240 \times \frac{1}{6} = 40\) 页。两天一共看了 \(30 + 40 = 70\) 页。因此，第三天应该从第 \(70 + 1 = 71\) 页开始看。所以正确答案是 D
190,A、B两只青蛙进行跳跃比赛，A每次跳10厘米，B每次跳15厘米，他们每秒都只跳1次，且一起从起点开始向同一方向跳跃。在比赛途中，每隔12厘米有一陷阱，当它们中第一只掉进陷阱时，另一只距离它最近的陷阱有()厘米,6,2,4,无法确定,C,B
191,修一段路，已经修了它的5/6，剩下没修的比已经修了的少,80%,66.70%,16.70%,20%,A,"C
192,一个两位数，各位数字的和的5倍比原数打6，则这个两位数是,74,24或69,24,69,B,"答案是 B
193,30以内的质数加上2还是质数的有()个,4,7,6,5,D,"D
194,下列算式()的积与5.555*6.666的结果最接近,5*7,6*6,6*7,5*6,B,我们先计算给定的乘积 \(5.555 \times 6.666\) 的近似值。\(5.555 \approx 5.6\)\(6.666 \approx 6.7\)因此，\(5.555 \times 6.666 \approx 5.6 \times 6.7 = 37.52\)接下来，我们分别计算各个选项的结果：A
195,一本故事书共有240页，如果第一天看了全部的1/8，第二天看了剩下的1/6，第三天应该从第()页开始看,70,66,141,71,B,我们来逐步分析这个问题：1
196,24/36的分子减少16，要使这个分数的大小不变，分母应该变成,2,6,24,12,C,D
197,一次打靶，命中了100发，没命中是25发，命中率是,80%,75%,25%,50%,A,A
198,5米长的铁丝平均分成8份，每份是1米的,5/8 ,1/8 ,5/8米,8/5,A,C
199,钝角三角形的内角和()锐角三角形的内角和,小于,无法确定,大于,等于,D,D
200,数a分解质因数是a=2*2*3，数b分解质因数是b=2*2*5，数a和数b的最大公因数是解质因数是a=2*2*3，数b分解质因数是b=2*2*5，数a和数b的最大公因数是,4,6,2,60,A,A
201,下列图形中，对称轴只有一条的是,等腰三角形,圆,等边三角形,长方形,C,A
202,一根木料用去全长的40%，还剩5.4米，这根木料原来的长是多少米，列式是,5.4/40%,5.4/(1+40%),5.4/(1-40%),5.4*40%,C,答案是 C
203,下列选项中的数是序数的是,第2节课,5支铅笔,2栋楼房,6只鸡,A,A
204,要使x/8是最简真分数，8/x是假分数，x应该是,9,7,6,8,B,A
205,在一个减法算式里，被减数、减数与差的和是120，且差是减数的3倍，差是,45,40,20,60,A,A
206,一种商品先涨价20%，又降价20%，这种商品现在的价格是原价的,80%,88%,不变,96%,D,B
207,两个自然数的倒数和是11/24，这两个自然数是,2和9,5和6,1和10,3和8,D,D
208,甲每秒跑3米，乙每秒跑2米，丙每秒跑4米，三人沿600米的环形跑道从同一点同时同向跑步，经过()秒三人又同时从出发点出发,300,12,无法确定,600,D,"A
209,某地区的电话号码是一个八位数，已知其前四位数是一个固定数6869，那么该地区最多可安装()部电话,9999,6869,10001,10000,D,A
210,一个数增加15%后得到一个新数，再从新数中减少15%，结果比原数相比,结果比原数小,结果比原数大,不确定,结果与原数相等,A,A
211,小丽和贝贝在玩游戏，小丽报的数a在25至50之间，贝贝报的数b在10至20之间，那么a+b的结果在()之间,45至60,35至70,15至30,5至40,B,B
212,下列说法正确的是,如果甲数比乙数多1/4，乙数就比甲数少1/4,(a+b)/c=a+b/c,4/7*6表示求6个4/7的和,(a+b)*c=a+b*c,C,C。解析如下：A
213,6/39的分子减去4，要使分数大小不变，分母应减去,6,13,2,26,D,B
214,计算(8.2+6.21+6.21)*3.5，下面几种计算方法中最简便的方法是,6.21*(2+1+1)*3.5,6.21*(2+1+1*3.5),8.2*3.5+6.21*3.5+6.21*3.5,(8.2+6.21*2)*3.5,D,A
215,小华养了98只蚕，全部成活，成活率是,100%,不确定,80%,98%,A,A
216,65*4+4*35=(65+35)*4，应用的是,加法结合率,乘法分配律,加法交换律,乘法交换律,B,B
217,一个三角形，三个内角度数比是2：5：2，这个三角形是,直角三角形,等边三角形,锐角三角形,钝角三角形,D,"D
218,一堆煤重2500吨，烧锅炉每天要用120吨，每天需用,48%,12%,4.80%,2.40%,C,C
219,有两块面积相等的白铁皮和黑铁皮，白铁皮用去了4/5，黑铁皮用去4/5平方米，剩下的白铁皮比黑铁皮面积小，原来这两块铁皮的面积,正好都是1平方米,小于1平方米,都大于1平方米,无法确定,C,B
220,某商店清仓处理一批袜子，按六五折出售，则售价是原价的,1/35,30%,1/65,65%,D,D
221,a和b都是整数，且a*b=36，则a和b的和最大可能是,20,13,12,37,D,"首先，我们需要找出所有可能的整数对(a, b)，使得\(a \times b = 36\)。然后计算每一对的和，最后确定这些和中最大的一个。36可以分解为以下因数对：1
222,一袋糖的5/7比他的2/3多1.6千克，这代糖重,1.6*(5/7+2/3),1.6/(5/7+2/3),1.6*(5/7—2/3),1.6/(5/7—2/3),D,D
223,甲数的3/4相当于乙数的2/5，甲数()乙数,等于,不确定,大于,小于,D,D
224,已知300/13商为23余数为1，那么3除以0.13商23时，余数是,0.01,1,0.05,500,A,答案是 A
225,甲数的2/3等于乙数的3/4，则甲数（）乙数,小于,大于,等于,无法确定,B,B
226,某厂计划加工200套服装，实际多加工50套，实际比计划超产,255,80%,335,20%,A,B
227,检查4.2-2.65=1.65对不对，可以用()验算,2.65+1.65,2.65—1.65,4.2-1.65,4.2+1.65,A,A
228,大小两个正方形的边长比是5：3，这大小两个正方形的面积比是,10：6 ,20：12,25：9 ,5：3,C,C
229,0.04*0.04是,0.0016,0.00016,0.16,0.016,A,A
